"Name","State","Notes","User","Tags","Created","Runtime","Sweep","clean_img_per","fu_damping","fu_depth","fu_scale","iaf_fu_epochs","iaf_scale","learning_epochs","learning_num_rounds","lr_update_fu","max_d_norm","normal_training_fu_epochs","num_clients","perc_bad_clients","poison_img_per","samples_to_erase","seed","training_lr","type_of_clients_who_request_unlearning","unlearn_clients_part","perc_bad_client","accuracy_drop","asr_increase","camouflage_img_per","camouflage_poison_ratio","model_change/absolute","model_change/pre_norm","model_change/ratio","post_unlearning/accuracy","post_unlearning/asr","pre_unlearning/accuracy","pre_unlearning/asr","pre_unlearning/erased_accuracy","pre_unlearning/erased_loss","pre_unlearning/kept_accuracy","pre_unlearning/kept_loss","unlearning/client_0/d_norm","unlearning/client_0/epoch","unlearning/client_0/iaf_norm_fixed","unlearning/client_0/lambda","unlearning/client_0/up_loss","unlearning/client_0/up_norm","unlearning/client_1/d_norm","unlearning/client_1/epoch","unlearning/client_1/iaf_norm_fixed","unlearning/client_1/lambda","unlearning/client_1/up_loss","unlearning/client_1/up_norm","unlearning/client_16/d_norm","unlearning/client_16/epoch","unlearning/client_16/iaf_norm_fixed","unlearning/client_16/lambda","unlearning/client_16/up_loss","unlearning/client_16/up_norm","unlearning/client_17/d_norm","unlearning/client_17/epoch","unlearning/client_17/iaf_norm_fixed","unlearning/client_17/lambda","unlearning/client_17/up_loss","unlearning/client_17/up_norm","unlearning/client_18/d_norm","unlearning/client_18/epoch","unlearning/client_18/iaf_norm_fixed","unlearning/client_18/lambda","unlearning/client_18/up_loss","unlearning/client_18/up_norm","unlearning/client_19/d_norm","unlearning/client_19/epoch","unlearning/client_19/iaf_norm_fixed","unlearning/client_19/lambda","unlearning/client_19/up_loss","unlearning/client_19/up_norm","unlearning/client_2/d_norm","unlearning/client_2/epoch","unlearning/client_2/iaf_norm_fixed","unlearning/client_2/lambda","unlearning/client_2/up_loss","unlearning/client_2/up_norm","unlearning/client_24/d_norm","unlearning/client_24/epoch","unlearning/client_24/iaf_norm_fixed","unlearning/client_24/lambda","unlearning/client_24/up_loss","unlearning/client_24/up_norm","unlearning/client_25/d_norm","unlearning/client_25/epoch","unlearning/client_25/iaf_norm_fixed","unlearning/client_25/lambda","unlearning/client_25/up_loss","unlearning/client_25/up_norm","unlearning/client_26/d_norm","unlearning/client_26/epoch","unlearning/client_26/iaf_norm_fixed","unlearning/client_26/lambda","unlearning/client_26/up_loss","unlearning/client_26/up_norm","unlearning/client_27/d_norm","unlearning/client_27/epoch","unlearning/client_27/iaf_norm_fixed","unlearning/client_27/lambda","unlearning/client_27/up_loss","unlearning/client_27/up_norm","unlearning/client_28/d_norm","unlearning/client_28/epoch","unlearning/client_28/iaf_norm_fixed","unlearning/client_28/lambda","unlearning/client_28/up_loss","unlearning/client_28/up_norm","unlearning/client_29/d_norm","unlearning/client_29/epoch","unlearning/client_29/iaf_norm_fixed","unlearning/client_29/lambda","unlearning/client_29/up_loss","unlearning/client_29/up_norm","unlearning/client_3/d_norm","unlearning/client_3/epoch","unlearning/client_3/iaf_norm_fixed","unlearning/client_3/lambda","unlearning/client_3/up_loss","unlearning/client_3/up_norm","unlearning/client_32/d_norm","unlearning/client_32/epoch","unlearning/client_32/iaf_norm_fixed","unlearning/client_32/lambda","unlearning/client_32/up_loss","unlearning/client_32/up_norm","unlearning/client_33/d_norm","unlearning/client_33/epoch","unlearning/client_33/iaf_norm_fixed","unlearning/client_33/lambda","unlearning/client_33/up_loss","unlearning/client_33/up_norm","unlearning/client_34/d_norm","unlearning/client_34/epoch","unlearning/client_34/iaf_norm_fixed","unlearning/client_34/lambda","unlearning/client_34/up_loss","unlearning/client_34/up_norm","unlearning/client_35/d_norm","unlearning/client_35/epoch","unlearning/client_35/iaf_norm_fixed","unlearning/client_35/lambda","unlearning/client_35/up_loss","unlearning/client_35/up_norm","unlearning/client_36/d_norm","unlearning/client_36/epoch","unlearning/client_36/iaf_norm_fixed","unlearning/client_36/lambda","unlearning/client_36/up_loss","unlearning/client_36/up_norm","unlearning/client_37/d_norm","unlearning/client_37/epoch","unlearning/client_37/iaf_norm_fixed","unlearning/client_37/lambda","unlearning/client_37/up_loss","unlearning/client_37/up_norm","unlearning/client_38/d_norm","unlearning/client_38/epoch","unlearning/client_38/iaf_norm_fixed","unlearning/client_38/lambda","unlearning/client_38/up_loss","unlearning/client_38/up_norm","unlearning/client_39/d_norm","unlearning/client_39/epoch","unlearning/client_39/iaf_norm_fixed","unlearning/client_39/lambda","unlearning/client_39/up_loss","unlearning/client_39/up_norm","unlearning/client_4/d_norm","unlearning/client_4/epoch","unlearning/client_4/iaf_norm_fixed","unlearning/client_4/lambda","unlearning/client_4/up_loss","unlearning/client_4/up_norm","unlearning/client_40/d_norm","unlearning/client_40/epoch","unlearning/client_40/iaf_norm_fixed","unlearning/client_40/lambda","unlearning/client_40/up_loss","unlearning/client_40/up_norm","unlearning/client_41/d_norm","unlearning/client_41/epoch","unlearning/client_41/iaf_norm_fixed","unlearning/client_41/lambda","unlearning/client_41/up_loss","unlearning/client_41/up_norm","unlearning/client_42/d_norm","unlearning/client_42/epoch","unlearning/client_42/iaf_norm_fixed","unlearning/client_42/lambda","unlearning/client_42/up_loss","unlearning/client_42/up_norm","unlearning/client_43/d_norm","unlearning/client_43/epoch","unlearning/client_43/iaf_norm_fixed","unlearning/client_43/lambda","unlearning/client_43/up_loss","unlearning/client_43/up_norm","unlearning/client_44/d_norm","unlearning/client_44/epoch","unlearning/client_44/iaf_norm_fixed","unlearning/client_44/lambda","unlearning/client_44/up_loss","unlearning/client_44/up_norm","unlearning/client_45/d_norm","unlearning/client_45/epoch","unlearning/client_45/iaf_norm_fixed","unlearning/client_45/lambda","unlearning/client_45/up_loss","unlearning/client_45/up_norm","unlearning/client_46/d_norm","unlearning/client_46/epoch","unlearning/client_46/iaf_norm_fixed","unlearning/client_46/lambda","unlearning/client_46/up_loss","unlearning/client_46/up_norm","unlearning/client_47/d_norm","unlearning/client_47/epoch","unlearning/client_47/iaf_norm_fixed","unlearning/client_47/lambda","unlearning/client_47/up_loss","unlearning/client_47/up_norm","unlearning/client_48/d_norm","unlearning/client_48/epoch","unlearning/client_48/iaf_norm_fixed","unlearning/client_48/lambda","unlearning/client_48/up_loss","unlearning/client_48/up_norm","unlearning/client_49/d_norm","unlearning/client_49/epoch","unlearning/client_49/iaf_norm_fixed","unlearning/client_49/lambda","unlearning/client_49/up_loss","unlearning/client_49/up_norm","unlearning/client_8/d_norm","unlearning/client_8/epoch","unlearning/client_8/iaf_norm_fixed","unlearning/client_8/lambda","unlearning/client_8/up_loss","unlearning/client_8/up_norm","unlearning/client_9/d_norm","unlearning/client_9/epoch","unlearning/client_9/iaf_norm_fixed","unlearning/client_9/lambda","unlearning/client_9/up_loss","unlearning/client_9/up_norm","post_unlearning/erased_accuracy","post_unlearning/erased_loss","post_unlearning/kept_accuracy","post_unlearning/kept_loss","unlearning/client_10/d_norm","unlearning/client_10/epoch","unlearning/client_10/iaf_norm_fixed","unlearning/client_10/lambda","unlearning/client_10/up_loss","unlearning/client_10/up_norm","unlearning/client_11/d_norm","unlearning/client_11/epoch","unlearning/client_11/iaf_norm_fixed","unlearning/client_11/lambda","unlearning/client_11/up_loss","unlearning/client_11/up_norm","unlearning/client_12/d_norm","unlearning/client_12/epoch","unlearning/client_12/iaf_norm_fixed","unlearning/client_12/lambda","unlearning/client_12/up_loss","unlearning/client_12/up_norm","unlearning/client_13/d_norm","unlearning/client_13/epoch","unlearning/client_13/iaf_norm_fixed","unlearning/client_13/lambda","unlearning/client_13/up_loss","unlearning/client_13/up_norm","unlearning/client_14/d_norm","unlearning/client_14/epoch","unlearning/client_14/iaf_norm_fixed","unlearning/client_14/lambda","unlearning/client_14/up_loss","unlearning/client_14/up_norm","unlearning/client_15/d_norm","unlearning/client_15/epoch","unlearning/client_15/iaf_norm_fixed","unlearning/client_15/lambda","unlearning/client_15/up_loss","unlearning/client_15/up_norm","unlearning/client_5/d_norm","unlearning/client_5/epoch","unlearning/client_5/iaf_norm_fixed","unlearning/client_5/lambda","unlearning/client_5/up_loss","unlearning/client_5/up_norm","unlearning/client_6/d_norm","unlearning/client_6/epoch","unlearning/client_6/iaf_norm_fixed","unlearning/client_6/lambda","unlearning/client_6/up_loss","unlearning/client_6/up_norm","unlearning/client_7/d_norm","unlearning/client_7/epoch","unlearning/client_7/iaf_norm_fixed","unlearning/client_7/lambda","unlearning/client_7/up_loss","unlearning/client_7/up_norm"
"brisk-sweep-1","finished","-","","","2026-09-06T10:51:44.000Z","144","jx91frjc","0.85","0.1","20","100","3","100","3","2","0.05","2","3","10","0.2","0.08","0.1","42","0.01","0","0.5","","0.011399999999999966","0.003880266075388028","0.07000000000000002","0.8750000000000002","7.525848749217041","15.055893223522832","0.4998606617014859","0.9765","0.008425720620842573","0.9879","0.004545454545454545","0.9857142857142858","0.03790228305207122","0.9116487455197132","0.8462154651589368","","","","","","","","","","","","","","","","","","","","","","","","","","","","","","","","","","","","","","","","","","","","","","","","","","","","","","","","","","","","","","","","","","","","","","","","","","","","","","","","","","","","","","","","","","","","","","","","","","","","","","","","","","","","","","","","","","","","","","","","","","","","","","","","","","","","","","","","","","","","","","","","","","","","","","","","","","","","","","","","","","","","","","","","","","","","","","","","","","","","","","","","","","","","","","","","","","","","","","","1.9999998807907104","2","9.473444938659668","0.5","0.2847551703453064","2.1115562915802","1.9999998807907104","2","9.667692184448242","0.5","0.6693633794784546","3.4616360664367676","0.9702380952380952","0.22210437456766768","0.8979390681003584","0.6024073367370927","","","","","","","","","","","","","","","","","","","","","","","","","","","","","","","","","","","","","","","","","","","","","","","","","","","","","",""
"lunar-sweep-2","finished","-","","","2026-09-06T10:54:16.000Z","85","jx91frjc","0.85","0.1","20","100","3","100","3","2","0.05","2","3","20","0.2","0.08","0.1","42","0.01","0","0.5","","0.015800000000000036","-0.0025498891352549883","0.07000000000000002","0.8750000000000002","5.594178052359749","15.121285122658412","0.3699538767361236","0.9659","0.006430155210643016","0.9817","0.008980044345898004","0.986904761904762","0.04571586394948619","0.9044802867383512","0.6928301311455213","","","","","","","","","","","","","2","2","17.294553756713867","0.5","0.04828718304634094","1.3917146921157837","2","2","13.37745761871338","0.5","0.2153436690568924","2.997652292251587","2","2","14.694205284118652","0.5","0.3378244936466217","2.6951494216918945","2","2","15.145692825317385","0.5","0.365313321352005","2.0609428882598877","","","","","","","","","","","","","","","","","","","","","","","","","","","","","","","","","","","","","","","","","","","","","","","","","","","","","","","","","","","","","","","","","","","","","","","","","","","","","","","","","","","","","","","","","","","","","","","","","","","","","","","","","","","","","","","","","","","","","","","","","","","","","","","","","","","","","","","","","","","","","","","","","","","","","","","","","","","","","","","","","","","","","","","","","","","","","","","0.9607142857142856","0.40182218778701057","0.889336917562724","0.6456300502609609","","","","","","","","","","","","","","","","","","","","","","","","","","","","","","","","","","","","","","","","","","","","","","","","","","","","","",""
"visionary-sweep-3","finished","-","","","2026-09-06T10:55:46.000Z","72","jx91frjc","0.85","0.1","20","100","3","100","3","2","0.05","2","3","30","0.2","0.08","0.1","42","0.01","0","0.5","","0.02070000000000005","0.001995565410199556","0.07000000000000002","0.8750000000000002","4.629871380815391","15.07391987535449","0.3071444865767878","0.9567","0.007982261640798226","0.9774","0.00598669623059867","0.975","0.0733170498739041","0.899820788530466","0.9542065203540347","","","","","","","","","","","","","","","","","","","","","","","","","","","","","","","","","","","","","","","","","","","2","2","19.00353240966797","0.5","0.5257648229598999","3.6985292434692383","2","2","24.16474151611328","0.5","1.243502497673035","5.21407413482666","2","2","20.248554229736328","0.5","0.6724414229393005","3.4871158599853516","2","2","24.598291397094727","0.5","0.15464405715465546","1.7891312837600708","1.9999998807907104","2","32.58611297607422","0.5","1.6207633018493652","6.462218761444092","2","2","26.984710693359375","0.5","1.266448974609375","5.458947658538818","","","","","","","","","","","","","","","","","","","","","","","","","","","","","","","","","","","","","","","","","","","","","","","","","","","","","","","","","","","","","","","","","","","","","","","","","","","","","","","","","","","","","","","","","","","","","","","","","","","","","","","","","","","","","","","","","","","","","","","","","","","","","","","","","","","","","0.951190476190476","0.495354820433117","0.8807347670250896","0.7317276679486784","","","","","","","","","","","","","","","","","","","","","","","","","","","","","","","","","","","","","","","","","","","","","","","","","","","","","",""
"ethereal-sweep-4","finished","-","","","2026-09-06T10:57:06.000Z","59","jx91frjc","0.85","0.1","20","100","3","100","3","2","0.05","2","3","40","0.2","0.08","0.1","42","0.01","0","0.5","","0.01910000000000001","-0.002328159645232815","0.07000000000000002","0.8750000000000002","3.9395043897141937","15.049137781968808","0.2617760862309553","0.9552","0.009423503325942353","0.9743","0.011751662971175166","0.9773809523809524","0.08770172617265157","0.8959677419354839","0.7766933844107667","","","","","","","","","","","","","","","","","","","","","","","","","","","","","","","","","","","","","","","","","","","","","","","","","","","","","","","","","","","","","","","","","","","","","","","","","","","","","","","","","","","","","1.9999998807907104","2","17.55740737915039","0.5","0.7414039373397827","5.324695110321045","2","2","39.85116958618164","0.5","1.589783787727356","6.655058860778809","1.999999761581421","2","38.42412567138672","0.5","0.658492922782898","4.066507816314697","2","2","12.944607734680176","0.5","0.18069440126419067","1.7192836999893188","2","2","23.533618927001953","0.5","1.4188226461410522","6.481100559234619","2","2","27.77273178100586","0.5","0.12792640924453735","2.22495174407959","2","2","28.74800491333008","0.5","0.5949938893318176","3.8899097442626953","1.9999998807907104","2","22.089460372924805","0.5","0.9175834059715272","4.774953365325928","","","","","","","","","","","","","","","","","","","","","","","","","","","","","","","","","","","","","","","","","","","","","","","","","","","","","","","","","","","","","","","","","","","","","","","","","","","","","","","0.955952380952381","0.4437860188030061","0.8768817204301075","0.6757740902644331","","","","","","","","","","","","","","","","","","","","","","","","","","","","","","","","","","","","","","","","","","","","","","","","","","","","","",""
"vital-sweep-5","finished","-","","","2026-09-06T10:58:09.000Z","56","jx91frjc","0.85","0.1","20","100","3","100","3","2","0.05","2","3","50","0.2","0.08","0.1","42","0.01","0","0.5","","0.03520000000000001","0.003104212860310422","0.07000000000000002","0.8750000000000002","4.010463646701547","15.012170385048297","0.2671474905917573","0.9334","0.009423503325942353","0.9686","0.006319290465631929","0.9607142857142856","0.10583107120224408","0.8894265232974911","1.0039409353674846","","","","","","","","","","","","","","","","","","","","","","","","","","","","","","","","","","","","","","","","","","","","","","","","","","","","","","","","","","","","","","","","","","","","","","","","","","","","","","","","","","","","","","","","","","","","","","","","","","","","","","","","","","","","","","","","","","","","","","","","","","","","","","","","","","","","","","","","","","","1.9999998807907104","2","42.21648406982422","0.5","1.7736390829086304","7.098528861999512","2","2","40.588165283203125","0.5","0.4897971451282501","2.2567923069000244","2.000000238418579","2","34.99871826171875","0.5","0.4207509160041809","2.7454137802124023","1.9999998807907104","2","26.78228759765625","0.5","0.7085787057876587","3.872494697570801","2","2","21.236621856689453","0.5","1.2755141258239746","4.976424694061279","2","2","14.253101348876951","0.5","1.4403549432754517","6.0757012367248535","2","2","48.9176025390625","0.5","1.1125251054763794","4.447690963745117","1.9999998807907104","2","53.02740859985352","0.5","0.7006919384002686","4.158103942871094","2","2","41.49626159667969","0.5","1.6204725503921509","6.308828830718994","1.999999761581421","2","23.793670654296875","0.5","0.7401536703109741","3.779776811599731","","","","","","","","","","","","","0.925","0.8146920805885678","0.8596774193548387","0.9795183742345448","","","","","","","","","","","","","","","","","","","","","","","","","","","","","","","","","","","","","","","","","","","","","","","","","","","","","",""
"fine-sweep-6","finished","-","","","2026-09-06T10:59:13.000Z","136","jx91frjc","0.85","0.1","20","100","5","100","3","2","0.05","2","3","10","0.2","0.08","0.1","42","0.01","0","0.5","","0.01949999999999996","0.005099778270509977","0.07000000000000002","0.8750000000000002","7.484928905998944","15.058559934337538","0.4970547607896627","0.9687","0.00975609756097561","0.9882","0.004656319290465632","0.9845238095238096","0.03758429166018253","0.9114695340501792","0.8483651546613684","","","","","","","","","","","","","","","","","","","","","","","","","","","","","","","","","","","","","","","","","","","","","","","","","","","","","","","","","","","","","","","","","","","","","","","","","","","","","","","","","","","","","","","","","","","","","","","","","","","","","","","","","","","","","","","","","","","","","","","","","","","","","","","","","","","","","","","","","","","","","","","","","","","","","","","","","","","","","","","","","","","","","","","","","","","","","","","","","","","","","","","","","","","","","","","","","","","","","","","2","4","9.355560302734377","0.5","1.0569849014282229","5.2719645500183105","2.000000238418579","4","9.577890396118164","0.5","0.5457663536071777","3.5630693435668945","0.9523809523809524","0.3638670881589254","0.8877240143369176","0.6302076756313283","","","","","","","","","","","","","","","","","","","","","","","","","","","","","","","","","","","","","","","","","","","","","","","","","","","","","",""
"charmed-sweep-7","finished","-","","","2026-09-06T11:01:34.000Z","85","jx91frjc","0.85","0.1","20","100","5","100","3","2","0.05","2","3","20","0.2","0.08","0.1","42","0.01","0","0.5","","0.01959999999999995","-0.0036585365853658534","0.07000000000000002","0.8750000000000002","5.504192733009569","15.12196833852062","0.36398652673994714","0.9623","0.005432372505543237","0.9819","0.00909090909090909","0.9857142857142858","0.04557934424706868","0.9043906810035842","0.6944397602228641","","","","","","","","","","","","","2","4","17.419424057006836","0.5","0.2983655631542206","1.9562727212905884","1.9999998807907104","4","12.98594093322754","0.5","0.21156075596809387","2.2456588745117188","1.9999998807907104","4","14.587223052978516","0.5","0.3090764284133911","3.1913907527923584","2","4","15.184329986572266","0.5","0.992608904838562","6.406672954559326","","","","","","","","","","","","","","","","","","","","","","","","","","","","","","","","","","","","","","","","","","","","","","","","","","","","","","","","","","","","","","","","","","","","","","","","","","","","","","","","","","","","","","","","","","","","","","","","","","","","","","","","","","","","","","","","","","","","","","","","","","","","","","","","","","","","","","","","","","","","","","","","","","","","","","","","","","","","","","","","","","","","","","","","","","","","","","","0.961904761904762","0.49477019764128183","0.8816308243727599","0.7038577158391262","","","","","","","","","","","","","","","","","","","","","","","","","","","","","","","","","","","","","","","","","","","","","","","","","","","","","",""
"unique-sweep-8","finished","-","","","2026-09-06T11:03:04.000Z","70","jx91frjc","0.85","0.1","20","100","5","100","3","2","0.05","2","3","30","0.2","0.08","0.1","42","0.01","0","0.5","","0.02639999999999998","0.0031042128603104204","0.07000000000000002","0.8750000000000002","4.560499583025667","15.073903324449269","0.3025427113910648","0.9509","0.00909090909090909","0.9773","0.00598669623059867","0.975","0.07376293643333373","0.899731182795699","0.9543867613429264","","","","","","","","","","","","","","","","","","","","","","","","","","","","","","","","","","","","","","","","","","","2","4","18.908353805541992","0.5","1.1881211996078491","4.933228969573975","2","4","24.13868522644043","0.5","0.9922587871551514","5.281357288360596","2","4","20.050851821899418","0.5","0.7686580419540405","4.595531940460205","1.9999998807907104","4","25.0022029876709","0.5","1.0977708101272583","5.431701183319092","2","4","32.37654495239258","0.5","0.8639180660247803","4.653910160064697","2","4","27.463979721069336","0.5","0.5560150146484375","3.074317455291748","","","","","","","","","","","","","","","","","","","","","","","","","","","","","","","","","","","","","","","","","","","","","","","","","","","","","","","","","","","","","","","","","","","","","","","","","","","","","","","","","","","","","","","","","","","","","","","","","","","","","","","","","","","","","","","","","","","","","","","","","","","","","","","","","","","","","0.9488095238095238","0.4997297548112415","0.874910394265233","0.7164956706399132","","","","","","","","","","","","","","","","","","","","","","","","","","","","","","","","","","","","","","","","","","","","","","","","","","","","","",""
"major-sweep-9","finished","-","","","2026-09-06T11:04:18.000Z","61","jx91frjc","0.85","0.1","20","100","5","100","3","2","0.05","2","3","40","0.2","0.08","0.1","42","0.01","0","0.5","","0.01869999999999994","-0.0026607538802660754","0.07000000000000002","0.8750000000000002","4.057465964929623","15.049248198625117","0.26961253554847403","0.9554","0.008869179600886918","0.9741","0.011529933481152992","0.9785714285714284","0.08736031818247977","0.896236559139785","0.7795636933737544","","","","","","","","","","","","","","","","","","","","","","","","","","","","","","","","","","","","","","","","","","","","","","","","","","","","","","","","","","","","","","","","","","","","","","","","","","","","","","","","","","","","","2","4","17.22542381286621","0.5","0.6794097423553467","6.478121757507324","1.9999998807907104","4","38.971961975097656","0.5","1.7946419715881348","12.45472240447998","2","4","38.56853485107422","0.5","0.8612363338470459","5.8785400390625","2","4","13.265363693237305","0.5","0.4315778315067291","3.711457490921021","1.9999998807907104","4","23.392383575439453","0.5","0.9666226506233216","5.37385368347168","2","4","27.579280853271484","0.5","1.014519214630127","6.108710765838623","1.9999998807907104","4","27.695945739746097","0.5","1.0355734825134275","7.093525409698486","1.9999998807907104","4","21.9132137298584","0.5","1.0745232105255127","6.114273548126221","","","","","","","","","","","","","","","","","","","","","","","","","","","","","","","","","","","","","","","","","","","","","","","","","","","","","","","","","","","","","","","","","","","","","","","","","","","","","","","0.9523809523809524","0.5179117418470837","0.8756272401433691","0.7248599991576219","","","","","","","","","","","","","","","","","","","","","","","","","","","","","","","","","","","","","","","","","","","","","","","","","","","","","",""
"playful-sweep-10","finished","-","","","2026-09-06T11:05:27.000Z","56","jx91frjc","0.85","0.1","20","100","5","100","3","2","0.05","2","3","50","0.2","0.08","0.1","42","0.01","0","0.5","","0.039899999999999936","0.0026607538802660745","0.07000000000000002","0.8750000000000002","3.9458992824160326","15.01308921418673","0.2628306024244048","0.9283","0.00909090909090909","0.9682","0.006430155210643016","0.961904761904762","0.10560839413886978","0.8894265232974911","1.0045667957287536","","","","","","","","","","","","","","","","","","","","","","","","","","","","","","","","","","","","","","","","","","","","","","","","","","","","","","","","","","","","","","","","","","","","","","","","","","","","","","","","","","","","","","","","","","","","","","","","","","","","","","","","","","","","","","","","","","","","","","","","","","","","","","","","","","","","","","","","","","","2.000000238418579","4","43.45392227172851","0.5","0.6011022925376892","4.728940963745117","2.000000238418579","4","40.822731018066406","0.5","0.5189979076385498","5.215290546417236","2.000000238418579","4","35.22870635986328","0.5","1.363425850868225","8.30565357208252","1.9999998807907104","4","26.25181007385254","0.5","0.6313380002975464","2.667541265487671","1.9999998807907104","4","21.531347274780273","0.5","2.1297996044158936","12.31428337097168","1.9999998807907104","4","13.951743125915527","0.5","0.585796594619751","6.258547306060791","2","4","48.625144958496094","0.5","0.6874707341194153","4.569218158721924","2","4","52.929691314697266","0.5","0.8098303079605103","6.294189929962158","1.9999998807907104","4","40.91936492919922","0.5","0.5955243706703186","3.660526990890503","2","4","24.17220115661621","0.5","1.6297919750213623","7.539097785949707","","","","","","","","","","","","","0.9333333333333332","0.8531657820656187","0.8529569892473118","1.020216636589351","","","","","","","","","","","","","","","","","","","","","","","","","","","","","","","","","","","","","","","","","","","","","","","","","","","","","",""
"vocal-sweep-11","finished","-","","","2026-09-06T11:06:31.000Z","139","jx91frjc","0.85","0.1","20","100","7","100","3","2","0.05","2","3","10","0.2","0.08","0.1","42","0.01","0","0.5","","0.010299999999999976","-0.0008869179600886922","0.07000000000000002","0.8750000000000002","7.593031498243191","15.057174269404412","0.5042799772645212","0.9781","0.00376940133037694","0.9884","0.004656319290465632","0.9857142857142858","0.03715414788485283","0.9117383512544804","0.8473477691935215","","","","","","","","","","","","","","","","","","","","","","","","","","","","","","","","","","","","","","","","","","","","","","","","","","","","","","","","","","","","","","","","","","","","","","","","","","","","","","","","","","","","","","","","","","","","","","","","","","","","","","","","","","","","","","","","","","","","","","","","","","","","","","","","","","","","","","","","","","","","","","","","","","","","","","","","","","","","","","","","","","","","","","","","","","","","","","","","","","","","","","","","","","","","","","","","","","","","","","","1.9999998807907104","6","9.673521041870115","0.5","0.905027449131012","4.997809410095215","2","6","9.521577835083008","0.5","0.5196653008460999","2.9507546424865723","0.9666666666666668","0.2594698857693445","0.8985663082437276","0.588674288101521","","","","","","","","","","","","","","","","","","","","","","","","","","","","","","","","","","","","","","","","","","","","","","","","","","","","","",""
"polar-sweep-12","finished","-","","","2026-09-06T11:08:58.000Z","91","jx91frjc","0.85","0.1","20","100","7","100","3","2","0.05","2","3","20","0.2","0.08","0.1","42","0.01","0","0.5","","0.017900000000000027","0.002993348115299336","0.07000000000000002","0.8750000000000002","5.3604967691321255","15.120552212842512","0.3545172619144976","0.9637","0.012084257206208426","0.9816","0.00909090909090909","0.986904761904762","0.045144539255471454","0.9046594982078852","0.6947426776770556","","","","","","","","","","","","","1.9999998807907104","6","17.021472930908203","0.5","0.46505510807037354","2.765244483947754","2","6","13.282601356506348","0.5","0.6214923858642578","4.409780502319336","2","6","14.865921020507812","0.5","0.3516751527786255","4.387386322021484","2","6","15.25173282623291","0.5","1.0345107316970823","5.910309314727783","","","","","","","","","","","","","","","","","","","","","","","","","","","","","","","","","","","","","","","","","","","","","","","","","","","","","","","","","","","","","","","","","","","","","","","","","","","","","","","","","","","","","","","","","","","","","","","","","","","","","","","","","","","","","","","","","","","","","","","","","","","","","","","","","","","","","","","","","","","","","","","","","","","","","","","","","","","","","","","","","","","","","","","","","","","","","","","0.9547619047619048","0.33410112205005826","0.8861111111111111","0.6102768774314593","","","","","","","","","","","","","","","","","","","","","","","","","","","","","","","","","","","","","","","","","","","","","","","","","","","","","",""
"lyric-sweep-13","finished","-","","","2026-09-06T11:10:33.000Z","71","jx91frjc","0.85","0.1","20","100","7","100","3","2","0.05","2","3","30","0.2","0.08","0.1","42","0.01","0","0.5","","0.02279999999999993","0.0056541019955654095","0.07000000000000002","0.8750000000000002","4.537970439544413","15.07414361981844","0.3010433331402126","0.9544","0.011862527716186252","0.9772","0.006208425720620843","0.975","0.07391928365187986","0.8995519713261648","0.951645640180009","","","","","","","","","","","","","","","","","","","","","","","","","","","","","","","","","","","","","","","","","","","1.9999998807907104","6","18.40948486328125","0.5","0.3871646523475647","3.4567208290100098","1.9999998807907104","6","24.23685646057129","0.5","1.572848558425903","8.21004581451416","2","6","20.28329849243164","0.5","0.920533299446106","6.856775283813477","2","6","24.73702049255371","0.5","0.38826948404312134","4.018683433532715","1.999999761581421","6","32.66936111450195","0.5","1.350765347480774","8.015901565551758","2","6","26.647789001464844","0.5","1.2245385646820068","6.328283309936523","","","","","","","","","","","","","","","","","","","","","","","","","","","","","","","","","","","","","","","","","","","","","","","","","","","","","","","","","","","","","","","","","","","","","","","","","","","","","","","","","","","","","","","","","","","","","","","","","","","","","","","","","","","","","","","","","","","","","","","","","","","","","","","","","","","","","0.9523809523809524","0.3740407569067819","0.8772401433691757","0.6537497700328895","","","","","","","","","","","","","","","","","","","","","","","","","","","","","","","","","","","","","","","","","","","","","","","","","","","","","",""
"toasty-sweep-14","finished","-","","","2026-09-06T11:11:47.000Z","62","jx91frjc","0.85","0.1","20","100","7","100","3","2","0.05","2","3","40","0.2","0.08","0.1","42","0.01","0","0.5","","0.022500000000000075","-0.0007760532150776055","0.07000000000000002","0.8750000000000002","4.004301183924498","15.04911987696752","0.26608208431198876","0.951","0.010753880266075388","0.9735","0.011529933481152992","0.9761904761904762","0.08820181336431276","0.896326164874552","0.7798468256128892","","","","","","","","","","","","","","","","","","","","","","","","","","","","","","","","","","","","","","","","","","","","","","","","","","","","","","","","","","","","","","","","","","","","","","","","","","","","","","","","","","","","","2","6","17.28342056274414","0.5","0.4051132798194885","4.680073261260986","1.9999998807907104","6","39.86758804321289","0.5","1.406799077987671","10.073698043823242","2","6","38.95963287353515","0.5","1.4495689868927002","9.517939567565918","1.9999998807907104","6","12.749030113220217","0.5","1.2784318923950195","6.415537357330322","1.9999998807907104","6","23.514724731445312","0.5","2.524975299835205","12.778496742248535","1.9999998807907104","6","27.95435905456543","0.5","1.2157344818115234","11.013158798217772","1.9999998807907104","6","28.933425903320312","0.5","1.375422477722168","12.360180854797363","2","6","22.363265991210938","0.5","1.583471417427063","6.800190448760986","","","","","","","","","","","","","","","","","","","","","","","","","","","","","","","","","","","","","","","","","","","","","","","","","","","","","","","","","","","","","","","","","","","","","","","","","","","","","","","0.9452380952380952","0.48979604698362805","0.8720430107526882","0.7108901634865764","","","","","","","","","","","","","","","","","","","","","","","","","","","","","","","","","","","","","","","","","","","","","","","","","","","","","",""
"warm-sweep-15","finished","-","","","2026-09-06T11:12:56.000Z","57","jx91frjc","0.85","0.1","20","100","7","100","3","2","0.05","2","3","50","0.2","0.08","0.1","42","0.01","0","0.5","","0.0847","0.0031042128603104213","0.07000000000000002","0.8750000000000002","4.231815910881771","15.013208017804864","0.28187286194017047","0.8836","0.00975609756097561","0.9683","0.0066518847006651885","0.9607142857142856","0.10597958830850464","0.8894265232974911","1.002786273672162","","","","","","","","","","","","","","","","","","","","","","","","","","","","","","","","","","","","","","","","","","","","","","","","","","","","","","","","","","","","","","","","","","","","","","","","","","","","","","","","","","","","","","","","","","","","","","","","","","","","","","","","","","","","","","","","","","","","","","","","","","","","","","","","","","","","","","","","","","","1.9999998807907104","6","42.846675872802734","0.5","1.2850260734558103","7.035551071166992","2","6","40.58372497558594","0.5","2.21047306060791","9.855720520019531","1.9999998807907104","6","35.46702575683594","0.5","1.9844310283660889","9.333284378051758","1.9999998807907104","6","26.0490779876709","0.5","1.2727056741714478","7.126752853393555","2","6","21.240068435668945","0.5","1.2434868812561035","5.381662368774414","2","6","14.31808376312256","0.5","0.9803882241249084","6.916443347930908","2","6","49.29978561401367","0.5","1.9447293281555176","15.233770370483398","2","6","52.78240585327149","0.5","2.1344776153564453","11.482004165649414","1.9999998807907104","6","41.42778778076172","0.5","1.3599846363067627","7.024870872497559","2","6","24.032764434814453","0.5","0.6273788213729858","3.8743724822998047","","","","","","","","","","","","","0.875","1.291543688092913","0.8042114695340502","1.3847266715059998","","","","","","","","","","","","","","","","","","","","","","","","","","","","","","","","","","","","","","","","","","","","","","","","","","","","","",""
"jolly-sweep-16","finished","-","","","2026-09-06T11:14:00.000Z","142","jx91frjc","0.85","0.1","20","100","10","100","3","2","0.05","2","3","10","0.2","0.08","0.1","42","0.01","0","0.5","","0.015100000000000002","0.00343680709534368","0.07000000000000002","0.8750000000000002","7.416551065040726","15.057374398502432","0.49255274317801095","0.973","0.008314855875831485","0.9881","0.004878048780487805","0.9857142857142858","0.03812959385326221","0.9115591397849462","0.83791235648492","","","","","","","","","","","","","","","","","","","","","","","","","","","","","","","","","","","","","","","","","","","","","","","","","","","","","","","","","","","","","","","","","","","","","","","","","","","","","","","","","","","","","","","","","","","","","","","","","","","","","","","","","","","","","","","","","","","","","","","","","","","","","","","","","","","","","","","","","","","","","","","","","","","","","","","","","","","","","","","","","","","","","","","","","","","","","","","","","","","","","","","","","","","","","","","","","","","","","","","1.9999998807907104","9","9.664073944091797","0.5","0.7977700233459473","4.916672706604004","1.9999998807907104","9","9.498065948486328","0.5","0.6108110547065735","3.4532370567321777","0.9678571428571427","0.28838670409861067","0.8944444444444445","0.604457761993545","","","","","","","","","","","","","","","","","","","","","","","","","","","","","","","","","","","","","","","","","","","","","","","","","","","","","",""
"dulcet-sweep-17","finished","-","","","2026-09-06T11:16:27.000Z","93","jx91frjc","0.85","0.1","20","100","10","100","3","2","0.05","2","3","20","0.2","0.08","0.1","42","0.01","0","0.5","","0.0141","-0.0031042128603104213","0.07000000000000002","0.8750000000000002","5.688103619739812","15.121510234637562","0.3761597572913422","0.9675","0.005875831485587583","0.9816","0.008980044345898004","0.9857142857142858","0.04569084419026261","0.9050179211469536","0.6933386029925959","","","","","","","","","","","","","2","9","17.47731590270996","0.5","1.0130717754364014","6.054047584533691","2","9","13.126840591430664","0.5","0.6533278822898865","3.580549478530884","1.9999998807907104","9","14.581625938415527","0.5","0.5917150974273682","4.394865036010742","2","9","15.372037887573242","0.5","0.507631778717041","3.857969045639038","","","","","","","","","","","","","","","","","","","","","","","","","","","","","","","","","","","","","","","","","","","","","","","","","","","","","","","","","","","","","","","","","","","","","","","","","","","","","","","","","","","","","","","","","","","","","","","","","","","","","","","","","","","","","","","","","","","","","","","","","","","","","","","","","","","","","","","","","","","","","","","","","","","","","","","","","","","","","","","","","","","","","","","","","","","","","","","0.969047619047619","0.6185273681368146","0.8873655913978494","0.8047464028908787","","","","","","","","","","","","","","","","","","","","","","","","","","","","","","","","","","","","","","","","","","","","","","","","","","","","","",""
"valiant-sweep-18","finished","-","","","2026-09-06T11:18:08.000Z","72","jx91frjc","0.85","0.1","20","100","10","100","3","2","0.05","2","3","30","0.2","0.08","0.1","42","0.01","0","0.5","","0.026100000000000012","0.004988913525498892","0.07000000000000002","0.8750000000000002","4.613670252776368","15.074236868550027","0.30606327159433516","0.951","0.01130820399113082","0.9771","0.006319290465631929","0.975","0.07431756027397655","0.899641577060932","0.9578215157977008","","","","","","","","","","","","","","","","","","","","","","","","","","","","","","","","","","","","","","","","","","","2","9","18.82187271118164","0.5","1.4841392040252686","7.268886089324951","1.9999998807907104","9","24.498579025268555","0.5","1.9169155359268188","11.81041145324707","2","9","20.362850189208984","0.5","1.5300976037979126","8.585250854492188","2","9","25.151277542114254","0.5","0.774938702583313","9.159710884094238","1.9999998807907104","9","32.62289047241211","0.5","2.512145519256592","14.268465995788574","2","9","26.938331604003903","0.5","3.2076070308685303","12.065317153930664","","","","","","","","","","","","","","","","","","","","","","","","","","","","","","","","","","","","","","","","","","","","","","","","","","","","","","","","","","","","","","","","","","","","","","","","","","","","","","","","","","","","","","","","","","","","","","","","","","","","","","","","","","","","","","","","","","","","","","","","","","","","","","","","","","","","","0.9476190476190476","0.4572812494777498","0.8733870967741936","0.6776147108351458","","","","","","","","","","","","","","","","","","","","","","","","","","","","","","","","","","","","","","","","","","","","","","","","","","","","","",""
"whole-sweep-19","finished","-","","","2026-09-06T11:19:28.000Z","62","jx91frjc","0.85","0.1","20","100","10","100","3","2","0.05","2","3","40","0.2","0.08","0.1","42","0.01","0","0.5","","0.0262","-0.0012195121951219523","0.07000000000000002","0.8750000000000002","4.200538471454991","15.048917327414731","0.27912562612081315","0.9479","0.010864745011086474","0.9741","0.012084257206208426","0.9785714285714284","0.08893770522304943","0.896594982078853","0.774752375400061","","","","","","","","","","","","","","","","","","","","","","","","","","","","","","","","","","","","","","","","","","","","","","","","","","","","","","","","","","","","","","","","","","","","","","","","","","","","","","","","","","","","","2","9","17.970190048217773","0.5","0.8824627995491028","9.66598415374756","2","9","40.31468963623047","0.5","1.9455463886260984","17.59511947631836","2","9","38.845558166503906","0.5","2.328145980834961","14.899931907653809","1.999999761581421","9","12.636184692382812","0.5","0.7361226081848145","4.8149919509887695","2","9","23.425392150878903","0.5","2.7732925415039062","15.99769687652588","2","9","29.1251220703125","0.5","2.2183728218078613","14.962291717529297","2","9","29.59718132019043","0.5","1.5525884628295898","8.172962188720703","1.9999998807907104","9","22.17928123474121","0.5","1.3528428077697754","9.588624954223633","","","","","","","","","","","","","","","","","","","","","","","","","","","","","","","","","","","","","","","","","","","","","","","","","","","","","","","","","","","","","","","","","","","","","","","","","","","","","","","0.9488095238095238","0.6773186961809794","0.8726702508960573","0.844481237558481","","","","","","","","","","","","","","","","","","","","","","","","","","","","","","","","","","","","","","","","","","","","","","","","","","","","","",""
"vital-sweep-20","finished","-","","","2026-09-06T11:20:37.000Z","56","jx91frjc","0.85","0.1","20","100","10","100","3","2","0.05","2","3","50","0.2","0.08","0.1","42","0.01","0","0.5","","0.0544","0.007206208425720621","0.07000000000000002","0.8750000000000002","3.94949500273724","15.012817322638393","0.2630748724812396","0.9139","0.01352549889135255","0.9683","0.006319290465631929","0.961904761904762","0.10524005453501428","0.8896953405017921","1.0057349580476949","","","","","","","","","","","","","","","","","","","","","","","","","","","","","","","","","","","","","","","","","","","","","","","","","","","","","","","","","","","","","","","","","","","","","","","","","","","","","","","","","","","","","","","","","","","","","","","","","","","","","","","","","","","","","","","","","","","","","","","","","","","","","","","","","","","","","","","","","","","2","9","42.933963775634766","0.5","2.6405105590820312","12.398080825805664","2","9","40.620216369628906","0.5","1.710441827774048","9.364961624145508","1.9999998807907104","9","35.25120162963867","0.5","2.982682228088379","13.67746353149414","1.9999998807907104","9","26.404016494750977","0.5","0.5136178731918335","5.634737491607666","2","9","21.165393829345703","0.5","2.063872814178467","10.402092933654783","2","9","14.108744621276855","0.5","2.347597360610962","10.680195808410645","1.9999998807907104","9","48.29215240478515","0.5","3.198448181152344","15.095621109008787","2","9","52.83543014526367","0.5","2.84550142288208","16.62171745300293","2","9","41.472198486328125","0.5","4.9187445640563965","17.60463523864746","2","9","23.93305778503418","0.5","1.291548728942871","4.7638092041015625","","","","","","","","","","","","","0.9071428571428573","0.9525557472592308","0.8380824372759856","1.0908242895611726","","","","","","","","","","","","","","","","","","","","","","","","","","","","","","","","","","","","","","","","","","","","","","","","","","","","","",""
"light-sweep-21","finished","-","","","2026-09-06T11:21:42.000Z","140","jx91frjc","0.85","0.1","20","100","12","100","3","2","0.05","2","3","10","0.2","0.08","0.1","42","0.01","0","0.5","","0.013899999999999912","0.0007760532150776055","0.07000000000000002","0.8750000000000002","7.01639252791291","15.059912435502442","0.4658986270977493","0.9744","0.005099778270509978","0.9883","0.004323725055432373","0.9857142857142858","0.03726906878873706","0.9117383512544804","0.8512097769593786","","","","","","","","","","","","","","","","","","","","","","","","","","","","","","","","","","","","","","","","","","","","","","","","","","","","","","","","","","","","","","","","","","","","","","","","","","","","","","","","","","","","","","","","","","","","","","","","","","","","","","","","","","","","","","","","","","","","","","","","","","","","","","","","","","","","","","","","","","","","","","","","","","","","","","","","","","","","","","","","","","","","","","","","","","","","","","","","","","","","","","","","","","","","","","","","","","","","","","","2","11","9.613699913024902","0.5","0.6163198947906494","5.07589864730835","2","11","9.299867630004885","0.5","0.8488215208053589","4.515732288360596","0.9642857142857144","0.19420469857397535","0.8980286738351254","0.5904511437514349","","","","","","","","","","","","","","","","","","","","","","","","","","","","","","","","","","","","","","","","","","","","","","","","","","","","","",""
"misty-sweep-22","finished","-","","","2026-09-06T11:24:05.000Z","91","jx91frjc","0.85","0.1","20","100","12","100","3","2","0.05","2","3","20","0.2","0.08","0.1","42","0.01","0","0.5","","0.01639999999999997","0.003991130820399112","0.07000000000000002","0.8750000000000002","5.312282975844365","15.121546130692195","0.351305543092715","0.9649","0.013303769401330375","0.9813","0.009312638580931265","0.9857142857142858","0.046585902926467714","0.9051971326164876","0.6915111371389453","","","","","","","","","","","","","2","11","17.262882232666016","0.5","1.192374587059021","10.493462562561035","2","11","14.003024101257324","0.5","0.41993480920791626","3.4630208015441895","2","11","15.115194320678713","0.5","2.4132978916168213","12.29948902130127","1.9999998807907104","11","15.920442581176758","0.5","0.7283955216407776","4.59539794921875","","","","","","","","","","","","","","","","","","","","","","","","","","","","","","","","","","","","","","","","","","","","","","","","","","","","","","","","","","","","","","","","","","","","","","","","","","","","","","","","","","","","","","","","","","","","","","","","","","","","","","","","","","","","","","","","","","","","","","","","","","","","","","","","","","","","","","","","","","","","","","","","","","","","","","","","","","","","","","","","","","","","","","","","","","","","","","","0.9583333333333334","0.4035183611370268","0.8850358422939069","0.629941906980289","","","","","","","","","","","","","","","","","","","","","","","","","","","","","","","","","","","","","","","","","","","","","","","","","","","","","",""
"floral-sweep-23","finished","-","","","2026-09-06T11:25:40.000Z","72","jx91frjc","0.85","0.1","20","100","12","100","3","2","0.05","2","3","30","0.2","0.08","0.1","42","0.01","0","0.5","","0.029999999999999916","0.008980044345898004","0.07000000000000002","0.8750000000000002","4.831093300745473","15.075227180877128","0.32046570461463414","0.9473","0.015299334811529931","0.9773","0.006319290465631929","0.9761904761904762","0.07452838179167537","0.8994623655913978","0.9530633303199938","","","","","","","","","","","","","","","","","","","","","","","","","","","","","","","","","","","","","","","","","","","1.9999998807907104","11","18.693363189697266","0.5","1.479007601737976","8.006020545959473","2","11","24.351598739624023","0.5","1.8103392124176023","10.264226913452148","2","11","20.426433563232425","0.5","0.9534122347831726","6.21880578994751","2","11","24.97576332092285","0.5","2.4834821224212646","17.12669563293457","2","11","32.3760986328125","0.5","1.19167959690094","7.398931980133057","1.999999761581421","11","28.294662475585938","0.5","1.0886942148208618","9.220373153686523","","","","","","","","","","","","","","","","","","","","","","","","","","","","","","","","","","","","","","","","","","","","","","","","","","","","","","","","","","","","","","","","","","","","","","","","","","","","","","","","","","","","","","","","","","","","","","","","","","","","","","","","","","","","","","","","","","","","","","","","","","","","","","","","","","","","","0.9488095238095238","0.7169874043691726","0.8687275985663082","0.8878382472581761","","","","","","","","","","","","","","","","","","","","","","","","","","","","","","","","","","","","","","","","","","","","","","","","","","","","","",""
"volcanic-sweep-24","finished","-","","","2026-09-06T11:27:00.000Z","63","jx91frjc","0.85","0.1","20","100","12","100","3","2","0.05","2","3","40","0.2","0.08","0.1","42","0.01","0","0.5","","0.030299999999999994","0.0003325942350332605","0.07000000000000002","0.8750000000000002","4.0741755541192175","15.048920792539407","0.2707287525985926","0.9436","0.012195121951219513","0.9739","0.011862527716186252","0.9773809523809524","0.08761385955980845","0.8961469534050179","0.777751818965573","","","","","","","","","","","","","","","","","","","","","","","","","","","","","","","","","","","","","","","","","","","","","","","","","","","","","","","","","","","","","","","","","","","","","","","","","","","","","","","","","","","","","2","11","16.67229461669922","0.5","1.2035307884216309","6.645784854888916","2","11","39.030372619628906","0.5","2.234602451324463","12.346296310424805","2","11","38.124629974365234","0.5","1.366366624832153","9.020344734191896","1.9999998807907104","11","12.424368858337402","0.5","0.4850805103778839","3.4829771518707275","2","11","23.617090225219727","0.5","2.6674041748046875","13.749839782714844","2","11","27.44960594177246","0.5","3.2571399211883545","23.05059051513672","2","11","28.915842056274418","0.5","2.480525255203247","13.531670570373535","2","11","21.461328506469727","0.5","1.4784897565841677","8.55667495727539","","","","","","","","","","","","","","","","","","","","","","","","","","","","","","","","","","","","","","","","","","","","","","","","","","","","","","","","","","","","","","","","","","","","","","","","","","","","","","","0.9452380952380952","0.5423204183578492","0.8629032258064516","0.7349323590596517","","","","","","","","","","","","","","","","","","","","","","","","","","","","","","","","","","","","","","","","","","","","","","","","","","","","","",""
"sage-sweep-25","finished","-","","","2026-09-06T11:28:08.000Z","59","jx91frjc","0.85","0.1","20","100","12","100","3","2","0.05","2","3","50","0.2","0.08","0.1","42","0.01","0","0.5","","0.03299999999999992","0.0028824833702882488","0.07000000000000002","0.8750000000000002","3.925892463871424","15.013723835536371","0.26148692402208223","0.935","0.009423503325942353","0.968","0.006541019955654102","0.961904761904762","0.1059573152235576","0.889336917562724","1.006467360087193","","","","","","","","","","","","","","","","","","","","","","","","","","","","","","","","","","","","","","","","","","","","","","","","","","","","","","","","","","","","","","","","","","","","","","","","","","","","","","","","","","","","","","","","","","","","","","","","","","","","","","","","","","","","","","","","","","","","","","","","","","","","","","","","","","","","","","","","","","","2","11","42.49123001098633","0.5","3.2141480445861816","15.182475090026855","2","11","40.69416809082031","0.5","1.9095361232757568","11.59474277496338","2","11","35.680885314941406","0.5","3.248932361602783","18.923799514770508","2","11","26.62000846862793","0.5","2.055117607116699","12.422850608825684","2","11","21.225675582885746","0.5","3.040771484375","11.687124252319336","1.9999998807907104","11","14.300530433654783","0.5","1.1602585315704346","7.307242393493652","2","11","48.156009674072266","0.5","3.4299569129943848","19.8323917388916","2","11","53.268516540527344","0.5","2.720864772796631","14.259696006774902","2","11","41.991085052490234","0.5","2.4452967643737793","14.705429077148438","2","11","23.668128967285156","0.5","1.696084976196289","6.336608409881592","","","","","","","","","","","","","0.9297619047619048","0.799279488836016","0.8551971326164874","0.9645642583088208","","","","","","","","","","","","","","","","","","","","","","","","","","","","","","","","","","","","","","","","","","","","","","","","","","","","","",""
"rare-sweep-26","finished","-","","","2026-09-06T11:29:12.000Z","143","jx91frjc","0.85","0.1","20","100","15","100","3","2","0.05","2","3","10","0.2","0.08","0.1","42","0.01","0","0.5","","0.013800000000000034","0","0.07000000000000002","0.8750000000000002","7.8054449565388495","15.057772320516582","0.5183665146738698","0.9742","0.004767184035476719","0.988","0.004767184035476719","0.9857142857142858","0.036506981979168594","0.9114695340501792","0.8427193227788604","","","","","","","","","","","","","","","","","","","","","","","","","","","","","","","","","","","","","","","","","","","","","","","","","","","","","","","","","","","","","","","","","","","","","","","","","","","","","","","","","","","","","","","","","","","","","","","","","","","","","","","","","","","","","","","","","","","","","","","","","","","","","","","","","","","","","","","","","","","","","","","","","","","","","","","","","","","","","","","","","","","","","","","","","","","","","","","","","","","","","","","","","","","","","","","","","","","","","","","1.9999998807907104","14","9.262127876281738","0.5","0.9832468032836914","6.004112243652344","2","14","9.385955810546877","0.5","1.4150824546813965","7.384112358093262","0.9607142857142856","0.4592775151843117","0.892831541218638","0.6775390177217435","","","","","","","","","","","","","","","","","","","","","","","","","","","","","","","","","","","","","","","","","","","","","","","","","","","","","",""
"ethereal-sweep-27","finished","-","","","2026-09-06T11:31:39.000Z","91","jx91frjc","0.85","0.1","20","100","15","100","3","2","0.05","2","3","20","0.2","0.08","0.1","42","0.01","0","0.5","","0.022600000000000064","-0.00011086474501108626","0.07000000000000002","0.8750000000000002","5.391241164772771","15.121444229394946","0.356529514177793","0.9588","0.008758314855875832","0.9814","0.008869179600886918","0.9857142857142858","0.045568283505382993","0.9046594982078852","0.6940410277061831","","","","","","","","","","","","","2","14","17.088274002075195","0.5","0.8375757932662964","6.131802082061768","2.000000238418579","14","13.158181190490724","0.5","0.6814253330230713","4.7616472244262695","2","14","14.546920776367188","0.5","0.6742202639579773","4.887118816375732","2.000000238418579","14","15.727508544921877","0.5","0.9178137183189392","4.623947620391846","","","","","","","","","","","","","","","","","","","","","","","","","","","","","","","","","","","","","","","","","","","","","","","","","","","","","","","","","","","","","","","","","","","","","","","","","","","","","","","","","","","","","","","","","","","","","","","","","","","","","","","","","","","","","","","","","","","","","","","","","","","","","","","","","","","","","","","","","","","","","","","","","","","","","","","","","","","","","","","","","","","","","","","","","","","","","","","0.9488095238095238","0.5484720786412557","0.8795698924731182","0.7219473888369872","","","","","","","","","","","","","","","","","","","","","","","","","","","","","","","","","","","","","","","","","","","","","","","","","","","","","",""
"fragrant-sweep-28","finished","-","","","2026-09-06T11:33:14.000Z","69","jx91frjc","0.85","0.1","20","100","15","100","3","2","0.05","2","3","30","0.2","0.08","0.1","42","0.01","0","0.5","","0.03090000000000004","0.0057649667405764975","0.07000000000000002","0.8750000000000002","4.81922184317284","15.07449631359446","0.31969372262387147","0.9465","0.012084257206208426","0.9774","0.006319290465631929","0.9761904761904762","0.07459017320403032","0.8993727598566308","0.9526320171856244","","","","","","","","","","","","","","","","","","","","","","","","","","","","","","","","","","","","","","","","","","","2","14","18.49909210205078","0.5","2.857426166534424","11.074139595031738","2","14","24.481868743896484","0.5","1.254326581954956","8.686646461486816","2","14","20.3323917388916","0.5","1.8345855474472048","7.973716259002685","2","14","25.108680725097656","0.5","3.040032386779785","16.3402042388916","1.999999761581421","14","32.967140197753906","0.5","4.417993068695068","15.487835884094238","1.9999998807907104","14","27.65907287597656","0.5","2.3146913051605225","8.262898445129395","","","","","","","","","","","","","","","","","","","","","","","","","","","","","","","","","","","","","","","","","","","","","","","","","","","","","","","","","","","","","","","","","","","","","","","","","","","","","","","","","","","","","","","","","","","","","","","","","","","","","","","","","","","","","","","","","","","","","","","","","","","","","","","","","","","","","0.9345238095238096","0.5752984228588286","0.8669354838709677","0.7637252596544108","","","","","","","","","","","","","","","","","","","","","","","","","","","","","","","","","","","","","","","","","","","","","","","","","","","","","",""
"serene-sweep-29","finished","-","","","2026-09-06T11:34:28.000Z","64","jx91frjc","0.85","0.1","20","100","15","100","3","2","0.05","2","3","40","0.2","0.08","0.1","42","0.01","0","0.5","","0.020100000000000007","-0.005432372505543237","0.07000000000000002","0.8750000000000002","4.21950438325492","15.048772357831774","0.2803886113048271","0.9539","0.006097560975609756","0.974","0.011529933481152992","0.9785714285714284","0.08688680174804869","0.8958781362007169","0.7825430817194416","","","","","","","","","","","","","","","","","","","","","","","","","","","","","","","","","","","","","","","","","","","","","","","","","","","","","","","","","","","","","","","","","","","","","","","","","","","","","","","","","","","","","2","14","16.98360824584961","0.5","1.8500697612762451","11.46908950805664","2","14","38.7995491027832","0.5","4.6546630859375","24.787029266357425","1.9999998807907104","14","38.45330810546875","0.5","2.3074088096618652","20.728776931762695","2","14","12.761404037475586","0.5","1.5015270709991455","7.375240325927734","2","14","23.49464988708496","0.5","2.9267592430114746","12.206250190734863","2","14","27.453536987304688","0.5","1.819944977760315","10.236480712890623","1.9999998807907104","14","28.199722290039062","0.5","3.1659836769104004","14.638885498046877","1.9999998807907104","14","21.425222396850582","0.5","1.0040254592895508","8.251494407653809","","","","","","","","","","","","","","","","","","","","","","","","","","","","","","","","","","","","","","","","","","","","","","","","","","","","","","","","","","","","","","","","","","","","","","","","","","","","","","","0.955952380952381","0.5671545272781735","0.875268817204301","0.760203815531987","","","","","","","","","","","","","","","","","","","","","","","","","","","","","","","","","","","","","","","","","","","","","","","","","","","","","",""
"whole-sweep-30","finished","-","","","2026-09-06T11:35:37.000Z","57","jx91frjc","0.85","0.1","20","100","15","100","3","2","0.05","2","3","50","0.2","0.08","0.1","42","0.01","0","0.5","","0.04810000000000003","0.00809312638580931","0.07000000000000002","0.8750000000000002","4.028830858880364","15.01256397881938","0.2683639426659216","0.9197","0.014523281596452327","0.9678","0.006430155210643016","0.9607142857142856","0.10606374084239914","0.8895161290322581","1.0019810395094977","","","","","","","","","","","","","","","","","","","","","","","","","","","","","","","","","","","","","","","","","","","","","","","","","","","","","","","","","","","","","","","","","","","","","","","","","","","","","","","","","","","","","","","","","","","","","","","","","","","","","","","","","","","","","","","","","","","","","","","","","","","","","","","","","","","","","","","","","","","2","14","42.660667419433594","0.5","3.5922036170959473","15.21456527709961","2","14","40.47102355957031","0.5","1.486705660820007","11.331602096557615","2","14","35.12012481689453","0.5","3.1014578342437744","13.933186531066896","2","14","26.27711296081543","0.5","2.900228500366211","14.724380493164062","2","14","21.64204978942871","0.5","2.4317827224731445","11.117481231689451","2","14","14.63011646270752","0.5","1.228674054145813","8.384537696838379","2","14","48.76389694213867","0.5","5.674552917480469","26.104345321655273","2","14","53.49191665649414","0.5","2.991321325302124","15.631298065185549","2","14","41.956024169921875","0.5","4.726566314697266","19.42044448852539","2","14","23.82566261291504","0.5","0.8238295912742615","3.965512990951538","","","","","","","","","","","","","0.911904761904762","0.9280676796322778","0.8423835125448028","1.0677246779096596","","","","","","","","","","","","","","","","","","","","","","","","","","","","","","","","","","","","","","","","","","","","","","","","","","","","","",""